Player,Nation,Pos,Age,MP,Starts,Min,Gls,Ast,PK,CrdY,CrdR,xG,xAG,Team
Abderrahmane Rebbach,,F M S,,23,,892,1,1,0,4,0,2.703960971906781,2.9706556648015976,Alaves
Aitor Mañas,,S,,6,,58,0,0,0,0,0,0.5702066421508789,0.0306509360671043,Alaves
Ander Guevara,,M S,,20,,517,1,0,0,2,1,0.6024258323013783,0.1165409386157989,Alaves
Antonio Blanco,,M,,28,,2426,1,2,0,7,0,0.7245643669739366,0.8403193764388561,Alaves
Antonio Martínez,,F S,,29,,2067,8,3,0,1,0,8.586508460342884,2.639205563813448,Alaves
Antonio Sivera,,GK,,30,,2700,0,0,0,2,0,0.0,0.0,Alaves
Calebe,,D F M S,,17,,742,0,0,0,2,0,0.1414615493267774,0.4210248803719878,Alaves
Carles Aleñá,,F M S,,30,,1877,0,4,0,4,0,2.1177457850426435,3.800553048960865,Alaves
Carlos Ballestero,,S,,1,,1,0,0,0,0,0,0.0,0.0,Alaves
Carlos Benavídez,,D S,,9,,234,0,0,0,0,1,0.2258257940411567,0.0830722209066152,Alaves
Carlos Vicente,,F M S,,21,,1250,5,0,3,1,0,3.714753158390522,3.857187973335385,Alaves
Denis Suárez,,M S,,22,,1061,1,1,0,5,0,1.328289536759257,1.3496616948395967,Alaves
Diego Morcillo,,S,,1,,8,0,0,0,0,0,0.5672497153282166,0.0,Alaves
Facundo Garcés,,D S,,10,,786,0,0,0,3,0,0.61756222974509,0.0,Alaves
Ibrahim Diabate,,F S,,2,,116,0,0,0,0,0,0.2025847807526588,0.0,Alaves
Jon Guridi,,F M S,,20,,737,0,0,0,1,0,1.2180069275200367,0.1250181142240762,Alaves
Jon Pacheco Dozagarat,,D S,,21,,1730,0,0,0,3,1,0.2430377919226884,0.7593822702765465,Alaves
Jonny,,D,,29,,2556,0,0,0,5,0,0.8223819062113762,1.1265473905950785,Alaves
Lander Pinillos,,S,,1,,1,0,0,0,0,0,0.0,0.0,Alaves
Lucas Boyé,,F M S,,24,,1764,10,1,3,2,1,10.48336954973638,2.599700415506959,Alaves
Mariano,,F S,,10,,269,0,0,0,1,0,0.2497823312878608,0.7592702507972717,Alaves
Moussa Diarra,,D,,3,,225,0,0,0,1,0,0.0,0.0150750838220119,Alaves
Nahuel Tenaglia,,D,,28,,2520,1,0,0,2,0,1.364607154391706,0.2647302877157926,Alaves
Pablo Ibáñez,,M S,,29,,1858,1,1,0,5,0,3.5098915323615074,1.0418870076537132,Alaves
Victor Parada,,D S,,22,,1513,0,3,0,6,1,1.3966120490804317,2.3470336636528373,Alaves
Ville Koski,,S,,2,,11,0,0,0,0,0,0.0,0.0,Alaves
Youssef Lekhedim,,D S,,22,,1194,0,1,0,5,0,0.7701235758140683,2.1280921027064323,Alaves
Ángel Pérez,,D M S,,8,,579,1,1,0,1,0,0.6904677208513021,0.7895076274871826,Alaves
Adama Boiro,,D S,,9,,597,0,0,0,1,0,0.0368569269776344,0.1399121209979057,Athletic Club
Aitor Paredes,,D S,,17,,1445,1,0,0,4,0,1.343791265040636,0.7405439838767052,Athletic Club
Alejandro Rego,,M S,,21,,807,1,0,0,5,0,0.5154665904119611,0.4051173590123653,Athletic Club
Alex Berenguer,,F M S,,25,,1888,2,3,0,4,0,4.924537650309503,5.293281830847263,Athletic Club
Andoni Gorosabel,,D S,,16,,815,0,1,0,2,0,0.2154859928414225,0.4473420679569244,Athletic Club
Asier Hierro,,S,,1,,30,0,0,0,0,0,0.0869530513882637,0.0195711869746446,Athletic Club
Aymeric Laporte,,D S,,19,,1582,0,1,0,2,0,1.7030628975480795,0.4414121750742197,Athletic Club
Beñat Prados,,M S,,2,,87,0,0,0,1,0,0.0202444195747375,0.03657878190279,Athletic Club
Dani Vivian,,D S,,25,,2190,1,0,0,8,1,1.366984797641635,1.5774906277656555,Athletic Club
Eder García,,S,,2,,30,0,0,0,1,0,0.0365744195878505,0.0,Athletic Club
Gorka Guruzeta,,F M S,,27,,1762,6,1,1,2,1,8.9389584697783,2.79004822857678,Athletic Club
Inigo Ruiz de Galarreta,,M S,,27,,1819,1,1,0,11,0,0.533484579063952,2.6452022967860103,Athletic Club
Iñaki Williams,,F M S,,22,,1590,2,4,1,1,0,6.0622158739715815,2.766031127423048,Athletic Club
Jesús Areso,,D S,,24,,1412,0,1,0,3,0,0.095483249053359,1.526359448209405,Athletic Club
Maroan Sannadi,,F S,,9,,264,1,0,0,2,0,1.0051096249371767,0.5883069485425949,Athletic Club
Mikel Jauregizar,,M S,,29,,2364,2,0,0,4,0,1.089722279459238,1.2458198824897408,Athletic Club
Mikel Vesga,,M S,,20,,364,0,0,0,0,0,0.1971089020371437,0.1244056141003966,Athletic Club
Nico Williams,,M S,,20,,1378,4,2,1,1,0,4.948663843795657,3.91133791860193,Athletic Club
Nicolás Serrano,,M S,,13,,322,1,0,0,0,0,0.5777395609766245,0.4942029751837253,Athletic Club
Oihan Sancet,,M S,,23,,1603,3,0,2,4,1,6.669009603559971,1.3745818119496107,Athletic Club
Roberto Navarro,,M S,,24,,855,5,1,0,1,0,3.0039532454684377,1.3722321689128876,Athletic Club
Selton Sánchez,,M S,,7,,191,0,1,0,0,0,0.2842219620943069,0.1571777909994125,Athletic Club
Unai Gómez,,F M S,,20,,607,1,1,0,1,1,1.4200693126767874,0.6146819815039635,Athletic Club
Unai Simón,,GK,,30,,2700,0,0,0,1,0,0.0,0.0318873859941959,Athletic Club
Urko Izeta,,F S,,11,,139,0,0,0,2,0,1.1592427976429462,0.3224271722137928,Athletic Club
Yeray Álvarez,,D,,1,,65,0,0,0,0,0,0.0,0.0,Athletic Club
Yuri,,D S,,26,,2200,0,3,0,4,0,0.4295263988897204,2.577171828597784,Athletic Club
Íñigo Lekue,,D S,,9,,527,0,0,0,2,0,0.1312863305211067,0.0452195592224597,Athletic Club
Ademola Lookman,,F M S,,7,,343,2,0,0,1,0,2.120290078222752,0.7812299206852913,Atletico Madrid
Alexander Sørloth,,F S,,29,,1584,10,0,0,4,1,9.739260882139206,1.2237359210848808,Atletico Madrid
Antoine Griezmann,,F S,,27,,994,6,1,0,0,0,6.472281413152814,2.708324141800404,Atletico Madrid
Clement Lenglet,,D,,13,,1015,0,1,0,3,1,0.1453948058187961,0.3937023878097534,Atletico Madrid
Conor Gallagher,,M S,,19,,630,2,0,0,2,0,1.2670744927600026,0.4999467879533767,Atletico Madrid
David Hancko,,D S,,26,,2122,0,2,0,2,0,0.987446265295148,2.1513782758265734,Atletico Madrid
Giacomo Raspadori,,F S,,12,,203,0,1,0,1,0,0.8766965568065643,0.9504356123507024,Atletico Madrid
Giménez,,D S,,15,,1146,0,1,0,3,0,1.5400749556720257,0.5037803649902344,Atletico Madrid
Giuliano Simeone,,D F M S,,27,,1960,4,6,0,1,0,5.700413363054395,5.314427062869072,Atletico Madrid
Jan Oblak,,GK,,26,,2340,0,0,0,0,0,0.0,0.0,Atletico Madrid
Jano Monserrate,,S,,1,,13,0,0,0,0,0,0.0,0.0,Atletico Madrid
Javier Morcillo,,S,,1,,22,0,0,0,0,0,0.0,0.0,Atletico Madrid
Johnny Cardoso,,M S,,13,,784,0,0,0,5,0,0.0442219888791441,0.3355124518275261,Atletico Madrid
Juan Musso,,GK,,4,,360,0,0,0,2,0,0.0,0.0,Atletico Madrid
Julio Díaz,,D,,1,,90,0,0,0,0,0,0.0327764712274074,0.0134829543530941,Atletico Madrid
Julián Álvarez,,F S,,29,,1926,8,4,2,2,0,8.894600672647357,6.265264900401235,Atletico Madrid
Koke,,M S,,28,,1788,2,2,0,5,0,0.7916494272649288,2.626644784584641,Atletico Madrid
Marc Pubill,,D S,,12,,838,0,1,0,1,0,0.2221174966543913,0.6268223077058792,Atletico Madrid
Marcos Llorente,,D M S,,25,,1857,0,4,0,5,0,2.1275672614574432,4.157412007451057,Atletico Madrid
Matteo Ruggeri,,D S,,21,,1368,0,3,0,4,0,0.1998444329947233,2.9691379573196173,Atletico Madrid
Nahuel Molina,,D S,,22,,1109,2,1,0,4,0,0.3052385859191417,1.7843952868133783,Atletico Madrid
Nicolás González,,D F M S,,22,,1364,3,0,0,4,1,4.920811899006367,1.7241394147276878,Atletico Madrid
Obed Vargas,,M S,,4,,215,0,0,0,1,0,0.0,0.0908467397093772,Atletico Madrid
Pablo Barrios Rivas,,M S,,21,,1591,1,1,0,0,0,1.4028489515185356,1.6999459583312273,Atletico Madrid
Robin Le Normand,,D S,,22,,1403,1,0,0,3,0,1.0887540504336355,0.0452499352395534,Atletico Madrid
Taufik Seidu,,S,,1,,15,0,0,0,1,0,0.0,0.0,Atletico Madrid
Thiago Almada,,F M S,,21,,1006,3,1,0,1,0,3.392496343702078,1.9072739090770483,Atletico Madrid
Álex Baena,,F M S,,21,,1169,2,2,0,3,0,1.5535755176097157,3.868131777271629,Atletico Madrid
Rodrigo Mendoza,,F M S,,20,,1008,1,0,0,5,0,0.6250370051711798,0.8039742140099406,"Atletico Madrid,Elche"
Javi Galán,,D S,,18,,1265,0,1,0,2,0,0.1605566628277301,1.4690151270478964,"Atletico Madrid,Osasuna"
Andreas Christensen,,D S,,12,,346,0,0,0,1,0,0.1262912936508655,0.0158752612769603,Barcelona
Dani Olmo,,F M S,,25,,1617,7,7,0,0,0,7.533358035609126,5.500887935981154,Barcelona
Dro Fernández,,M S,,4,,83,0,0,0,0,0,0.0,0.0516483634710311,Barcelona
Eric Garcia,,D M S,,28,,2277,1,1,0,2,0,3.304715894162655,1.553778799250722,Barcelona
Fermín López,,M S,,24,,1360,5,8,0,3,0,5.447469141334295,7.153464000672102,Barcelona
Ferrán Torres,,F M S,,27,,1636,12,1,0,1,0,13.960711745545268,2.1071850527077918,Barcelona
Frenkie de Jong,,M S,,19,,1490,1,4,0,3,1,1.0822599418461325,4.611209314316511,Barcelona
Gavi,,S,,4,,60,0,1,0,0,0,0.0,0.1401124224066734,Barcelona
Gerard Martín,,D S,,25,,1556,0,0,0,6,0,0.2263313587754964,0.737631599418819,Barcelona
Joan García,,GK,,24,,2160,0,0,0,1,0,0.0,0.0,Barcelona
Jofre Torrents,,S,,3,,33,0,0,0,0,0,0.0,0.0,Barcelona
João Cancelo,,D S,,8,,521,1,2,0,0,0,0.805744756013155,2.1785051077604294,Barcelona
Jules Koundé,,D S,,26,,1915,1,3,0,4,0,2.112115003168583,4.20784854143858,Barcelona
Lamine Yamal,,F M S,,26,,2148,14,9,2,1,0,12.523949712514876,11.3462203592062,Barcelona
Marc Bernal,,M S,,17,,533,2,1,0,3,0,1.0003610253334043,0.6727183200418949,Barcelona
Marc Casadó,,M S,,19,,846,0,1,0,0,0,0.4599047219380736,0.4292725957930088,Barcelona
Marcus Rashford,,F M S,,25,,1413,5,6,0,2,0,7.628274221904576,4.252066107466817,Barcelona
Pau Cubarsí,,D,,25,,2220,1,0,0,3,0,0.5516378730535507,0.3548167273402214,Barcelona
Pedri,,M S,,22,,1552,2,7,0,0,1,2.2689719535410404,4.6222780011594296,Barcelona
Raphinha,,F M S,,20,,1336,11,3,3,4,0,9.96858157776296,5.760370654985309,Barcelona
Robert Lewandowski,,F S,,25,,1173,12,1,1,2,0,14.508236084133388,1.707246646285057,Barcelona
Ronald Araújo,,D S,,19,,847,3,0,0,2,0,2.221388068050146,0.0791825000196695,Barcelona
Roony Bardghji,,F M S,,16,,362,1,1,0,0,0,1.4823282193392515,1.71273129619658,Barcelona
Tomás Marqués,,S,,1,,3,0,0,0,0,0,0.0,0.0,Barcelona
Toni Fernández,,F,,1,,48,0,0,0,0,0,0.0,0.0881161764264106,Barcelona
Wojciech Szczesny,,GK,,6,,540,0,0,0,0,0,0.0,0.0,Barcelona
Xavi Espart,,D S,,2,,91,0,0,0,0,0,0.0,0.0,Barcelona
Álex Balde,,D S,,21,,1555,0,2,0,1,0,0.3146120570600033,2.844735460355878,Barcelona
Andrés Antañón,,S,,1,,15,0,0,0,0,0,0.0,0.0,Celta Vigo
Borja Iglesias,,F S,,27,,1542,11,2,3,6,0,9.881765931844711,1.6599800884723663,Celta Vigo
Bryan Zaragoza,,F M S,,19,,1138,1,1,1,1,0,1.910445837303996,2.2636110819876194,Celta Vigo
Carl Starfelt,,D S,,19,,1492,0,0,0,1,1,0.3869095593690872,0.0776824131608009,Celta Vigo
Carlos Domínguez,,D S,,8,,602,0,0,0,1,0,0.4936205185949802,0.0324050560593605,Celta Vigo
Damián Rodríguez,,M,,2,,155,0,0,0,1,0,0.0666191801428794,0.1211103573441505,Celta Vigo
Fernando López,,F M S,,9,,552,1,0,0,1,0,0.4242515936493873,0.3378814179450273,Celta Vigo
Ferrán Jutglà,,F M S,,22,,1287,7,2,0,4,0,4.342967939563096,1.3191038221120834,Celta Vigo
Hugo Burcio,,S,,1,,4,0,0,0,0,0,0.0,0.0,Celta Vigo
Hugo Sotelo,,M S,,17,,1192,0,2,0,3,0,0.0896841175854206,2.176755854859948,Celta Vigo
Hugo Álvarez,,D F S,,21,,1006,3,1,0,2,0,1.0004114173352718,1.8372167441993952,Celta Vigo
Iago Aspas,,F M S,,24,,781,4,3,2,2,0,4.172246567904949,3.763258198276162,Celta Vigo
Ilaix Moriba,,M S,,29,,1903,1,2,0,5,0,1.714939737692475,2.2352416589856148,Celta Vigo
Ionut Radu,,GK,,30,,2700,0,0,0,0,0,0.0,0.1440417915582656,Celta Vigo
Javier Rodríguez,,D S,,26,,1938,0,1,0,5,0,0.8124384488910437,0.5783786633983254,Celta Vigo
Javier Rueda,,D S,,20,,967,2,4,0,4,0,1.5871453676372766,2.876114832237363,Celta Vigo
Jones El Abdellaoui,,D F M S,,20,,584,2,0,0,0,0,2.3241814747452736,0.5126708522439003,Celta Vigo
Joseph Aidoo,,D S,,7,,550,0,0,0,0,0,0.3532345592975616,0.0,Celta Vigo
Manuel Fernández,,D S,,13,,726,0,0,0,2,0,0.0420662704855203,0.0310803558677434,Celta Vigo
Marcos Alonso,,D S,,25,,2161,1,0,1,4,0,2.1715164687484503,0.9213417880237104,Celta Vigo
Matías Vecino,,M S,,3,,72,0,0,0,0,0,0.0422598384320735,0.0,Celta Vigo
Miguel Román,,M S,,19,,1297,1,0,0,3,0,1.1040805764496326,2.089981175027788,Celta Vigo
Mihailo Ristic,,D,,4,,265,0,0,0,0,0,0.01605817489326,0.0660375989973545,Celta Vigo
Pablo Durán,,F M S,,23,,1116,2,2,0,0,0,3.4569044653326277,2.004020149819553,Celta Vigo
Sergio Carreira,,D S,,26,,2044,2,1,0,2,0,1.520052356645465,1.0122397849336269,Celta Vigo
Williot Swedberg,,F M S,,22,,907,4,3,0,2,0,4.168967954814434,1.3562798276543615,Celta Vigo
Yoel Lago,,D S,,5,,341,0,0,0,2,0,0.0,0.0244398601353168,Celta Vigo
Óscar Mingueza,,D M S,,26,,1674,1,4,0,4,0,0.4965645000338554,2.792735720053315,Celta Vigo
Álvaro Núñez,,D M,,21,,1784,0,2,0,2,0,0.2243863698095083,2.517910910770297,"Celta Vigo,Elche"
Fran Beltrán,,M S,,20,,1221,1,0,0,3,0,0.5435894131660461,0.7184571214020252,"Celta Vigo,Girona"
Adam El Mokhtari,,S,,7,,85,1,0,0,0,0,0.2682787664234638,0.0723635628819465,Elche
Aleix Febas,,M,,29,,2573,2,1,0,7,0,1.9752380400896072,1.2886459222063422,Elche
Ali Houary,,M,,2,,133,0,0,0,0,0,0.0558448247611522,0.0,Elche
Alvaro Rodríguez,,F S,,26,,1698,5,4,0,1,0,9.225349741987884,3.5977194905281067,Elche
André Silva,,F S,,23,,1305,7,0,1,2,0,7.611753669567406,1.3463149517774582,Elche
Bambo Diaby,,D S,,4,,98,0,0,0,1,0,0.0,0.0,Elche
Buba Sangaré,,D S,,5,,198,0,0,0,0,0,0.0734957829117775,0.0,Elche
David Affengruber,,D S,,28,,2268,0,0,0,6,1,0.7534260423853993,0.3038414008915424,Elche
Federico Redondo,,M S,,11,,158,0,0,0,0,0,0.0722631886601448,0.0104665448889136,Elche
German Valera,,D F M S,,29,,2338,4,4,0,3,0,2.137265430763364,5.331821713596582,Elche
Gonzalo Villar,,S,,4,,64,0,0,0,1,0,0.0,0.0,Elche
Grady Diangana,,F M S,,17,,766,1,0,0,2,0,1.223698740825057,0.7270336803048849,Elche
Hector Fort,,D S,,9,,323,1,2,0,0,0,0.6469519808888435,0.2132606506347656,Elche
Iñaki Peña,,GK,,16,,1440,0,0,0,0,0,0.0,0.4040794968605041,Elche
Jairo Izquierdo,,S,,1,,22,0,0,0,0,0,0.0,0.0,Elche
John Donald,,D M S,,14,,449,1,0,0,2,0,0.7318225856870413,0.0,Elche
Josan,,D M S,,15,,464,0,2,0,2,0,0.2787706330418587,2.241609025746584,Elche
Leo Petrot,,D S,,27,,1333,0,0,0,2,0,0.3728197030723095,0.025175416842103,Elche
Lucas Cepeda,,M S,,6,,340,0,0,0,1,0,0.6002051569521427,0.1248888727277517,Elche
Marc Aguado,,M S,,29,,2038,1,1,0,2,0,0.1253808066248893,0.1298535307869315,Elche
Martim Neto,,F M S,,22,,1193,2,5,0,2,0,1.0407912489026785,2.7006499022245407,Elche
Matías Dituro,,GK,,14,,1260,0,0,0,1,0,0.0,0.1083411779254674,Elche
Mourad El Ghezouani,,S,,2,,42,0,0,0,0,0,0.1101522445678711,0.0302054788917303,Elche
Pedro Bigas,,D S,,22,,1626,0,2,0,3,1,0.8814098611474037,1.71605977229774,Elche
Rafa Mir,,F M S,,25,,1671,8,0,1,4,0,7.19289075024426,1.7095182929188013,Elche
Tete Morente,,D M,,5,,412,1,0,0,1,0,0.6448382623493671,0.573906384408474,Elche
Victor Chust,,D S,,23,,1788,0,0,0,6,1,0.3222646526992321,0.0647720042616128,Elche
Yago Alonso,,M S,,9,,275,0,0,0,1,0,0.1545259803533554,0.0823154151439666,Elche
Álex Sánchez,,S,,1,,5,0,1,0,0,0,0.0,0.0798447132110595,Elche
Adrià Pedrosa,,D M S,,21,,843,1,1,0,4,0,0.8923206478357315,1.4825173858553171,"Elche,Sevilla"
Antoniu Roca,,M S,,8,,92,0,0,0,1,0,0.1816798001527786,0.0163562446832656,Espanyol
Carlos Romero,,D,,28,,2498,5,2,0,4,0,2.5455135125666857,2.718666941858828,Espanyol
Charles Pickel,,M S,,17,,527,1,0,0,1,2,0.707883320748806,0.0352792246267199,Espanyol
Clemens Riedel,,D S,,17,,1216,0,1,0,5,0,0.1087655127048492,0.159012303687632,Espanyol
Cyril Ngonge,,M S,,6,,305,0,2,0,2,0,0.3549919966608286,0.7751270234584808,Espanyol
Edu Expósito,,M S,,28,,1947,1,6,0,6,0,2.07439250824973,6.592816978693008,Espanyol
Fernando Calero,,D S,,21,,1604,0,0,0,3,0,1.864722820930183,0.5543733611702919,Espanyol
Javi Puado,,F M S,,10,,687,2,0,1,2,0,4.838970278389752,0.9579164311289788,Espanyol
Jofre Carreras,,M S,,22,,764,1,0,0,1,0,1.7838273253291843,1.2902031261473894,Espanyol
José Salinas,,D S,,10,,221,0,0,0,2,0,0.0,0.129030168056488,Espanyol
Kike García,,F S,,29,,1335,6,1,1,3,0,7.616363426670432,2.539835562929511,Espanyol
Leandro Cabrera,,D,,29,,2610,3,0,0,2,0,2.899823421612382,0.8916055969893932,Espanyol
Luca Koleosho,,S,,3,,48,0,0,0,0,0,0.024271871894598,0.0189368296414613,Espanyol
Marko Dmitrovic,,GK,,30,,2700,0,0,0,0,0,0.0,0.0304153487086296,Espanyol
Miguel Ángel Rubio,,D S,,11,,167,1,0,0,0,0,0.5985301695764065,0.0,Espanyol
Omar El Hilali,,D S,,28,,2215,0,2,0,6,0,0.0136713292449712,1.4993599969893694,Espanyol
Pere Milla,,F M S,,26,,1669,6,0,0,5,1,6.59700583666563,3.451936149969697,Espanyol
Pol Lozano,,M S,,27,,1926,1,1,0,7,0,0.631441667675972,0.851235119625926,Espanyol
Ramón Terrats,,M S,,22,,715,1,1,0,0,0,0.8631772687658668,1.693754345178604,Espanyol
Roberto Fernández,,F S,,30,,1905,6,2,1,3,0,6.973477370105684,3.0181825878098607,Espanyol
Rubén Sánchez,,D S,,15,,459,0,1,0,2,0,0.0706582637503743,0.9001980610191822,Espanyol
Tyrhys Dolan,,M S,,29,,2036,1,4,0,4,1,2.4351948723196983,3.5534788984805346,Espanyol
Urko Gonzalez,,M S,,29,,1988,0,1,0,4,0,0.5808410253375769,0.3392333183437586,"Espanyol,Real Sociedad"
Abdelkabir Abqar,,D S,,16,,1038,0,2,0,7,1,0.3874060558155179,0.7393411099910736,Getafe
Abu Kamara,,M S,,9,,162,0,0,0,1,0,0.3746976628899574,0.0520618315786123,Getafe
Adrián Liso,,F M S,,24,,1516,3,0,0,3,1,2.699799904599786,0.1294377446174621,Getafe
Alejandro Mestanza,,M S,,3,,68,0,0,0,0,0,0.0186938811093568,0.0,Getafe
Alex Sancris,,F M S,,15,,628,0,1,0,1,1,0.3494899617508054,0.989602810703218,Getafe
Alex Sola,,S,,1,,10,0,0,0,0,0,0.0,0.0,Getafe
Borja Mayoral,,F S,,14,,1066,4,1,0,0,0,3.4059319589287043,0.5318673253059387,Getafe
Christantus Uche,,F,,3,,270,1,1,0,1,0,1.4415657743811607,0.6371117904782295,Getafe
Coba da Costa,,M S,,14,,318,0,0,0,1,0,0.2343458440154791,0.0849930155090987,Getafe
David Soria,,GK,,30,,2700,0,0,0,2,0,0.0,0.0465003028512001,Getafe
Davinchi,,D S,,7,,416,0,0,0,1,0,0.1721816435456276,0.0291446186602115,Getafe
Diego Rico,,D S,,26,,1679,0,0,0,3,0,0.2927396623417735,0.8315106853842735,Getafe
Djené Dakonam,,D M S,,28,,2141,0,0,0,8,1,0.0686510754749178,0.0936453379690647,Getafe
Domingos Duarte,,D,,27,,2339,1,1,0,9,0,0.7622319888323545,0.8581366539001465,Getafe
Hugo Solozabal,,S,,1,,4,0,0,0,0,0,0.0,0.0,Getafe
Ismael Bekhoucha,,D S,,4,,106,0,1,0,2,0,0.0254324898123741,0.721170961856842,Getafe
Javi Muñoz,,F M S,,14,,481,0,0,0,0,0,0.3258062414824962,0.1269101649522781,Getafe
Jorge Montes,,S,,1,,24,0,0,0,0,0,0.0,0.0,Getafe
Joselu Pérez,,S,,2,,16,0,0,0,0,0,0.0140858823433518,0.0,Getafe
Juan Iglesias,,D M S,,29,,2470,1,2,0,3,0,1.134616807103157,1.610817302018404,Getafe
Juanmi,,S,,8,,152,1,0,0,0,0,0.1390442848205566,0.0557351484894752,Getafe
Kiko Femenía,,D M S,,24,,1804,1,1,0,5,0,0.9618913042359054,1.7541501261293888,Getafe
Luis Milla,,M,,29,,2574,0,9,0,3,1,1.2604784723371267,5.707084013149142,Getafe
Luis Vázquez,,F,,10,,810,3,0,0,0,0,1.871410490013659,0.0973719879984855,Getafe
Mario Martín,,F M S,,28,,1646,2,1,0,9,0,2.3378630317747597,0.916083893738687,Getafe
Martín Satriano,,F M,,11,,979,4,1,0,4,0,2.575043603777885,1.800030406564474,Getafe
Mauro Arambarri,,M,,30,,2656,6,2,2,5,0,6.750664804130793,0.7791327722370625,Getafe
Nyom,,D S,,11,,286,0,0,0,4,1,0.1312073022127151,0.10628392547369,Getafe
Sebastián Boselli,,D S,,7,,202,0,0,0,2,0,0.3355171978473663,0.2820167243480682,Getafe
Veljko Birmancevic,,S,,3,,60,0,0,0,0,0,0.0635008849203586,0.1094615757465362,Getafe
Yvan Neyou,,S,,5,,49,0,0,0,2,0,0.0,0.0,Getafe
Zaid Romero,,D,,10,,900,0,0,0,3,0,0.4832729883491993,0.0902770534157753,Getafe
Abel Ruiz,,S,,8,,147,0,0,0,0,0,0.2920397743582725,0.1312386691570282,Girona
Alejandro Francés,,D S,,18,,601,0,1,0,1,1,0.2258009938523173,0.8213679492473602,Girona
Arnau Martinez,,D M S,,27,,2059,1,1,0,6,0,1.0955656534060836,1.7231833320111036,Girona
Axel Witsel,,M S,,24,,1916,1,2,0,0,1,2.4330167062580585,2.218277433887124,Girona
Azz-Eddine Ounahi,,M S,,16,,1124,4,2,0,5,0,2.330947577953338,3.465238370001316,Girona
Bojan Miovski,,F,,1,,44,0,0,0,0,0,0.0,0.0,Girona
Bryan Gil Salvatierra,,F M S,,23,,1375,0,3,0,3,0,2.174213159829378,3.487660083919764,Girona
Claudio Echeverri,,M S,,9,,250,1,1,0,3,0,1.0410882513970137,0.9266623705625534,Girona
Cristhian Stuani,,F S,,13,,197,3,0,3,2,0,3.813407562673092,0.0526840537786483,Girona
Daley Blind,,D S,,28,,2386,0,0,0,1,0,0.0461420468054711,0.7392632644623518,Girona
David López,,D S,,3,,207,0,0,0,0,0,0.6544463038444519,0.0,Girona
Dawda Camara,,F S,,2,,73,0,0,0,0,0,0.1603239923715591,0.0742387026548385,Girona
Donny van de Beek,,M S,,2,,37,0,0,0,0,0,0.0774523969739675,0.0,Girona
Hugo Rincón,,D S,,27,,1610,1,1,0,3,0,0.6909217592328787,0.9917018599808216,Girona
Iván Martín,,M S,,28,,2028,0,1,0,3,1,1.0136942602694037,1.6019098050892353,Girona
Jhon Solis,,M S,,12,,362,0,0,0,0,0,0.1824372038245201,0.0616481304168701,Girona
Joel Roca,,F M S,,25,,1027,2,1,0,3,1,2.92173233255744,0.8328595533967018,Girona
Juan Arango,,S,,2,,14,0,0,0,1,0,0.0,0.0,Girona
Ladislav Krejcí,,D,,2,,180,0,0,0,1,0,0.1215347275137901,0.0,Girona
Lancinet Kourouma,,S,,5,,23,0,0,0,0,1,0.0,0.0,Girona
Marc-André ter Stegen,,GK,,2,,180,0,0,0,0,0,0.0,0.0,Girona
Paulo Gazzaniga,,GK,,27,,2382,0,0,0,4,1,0.0,0.0,Girona
Portu,,F M S,,10,,463,0,0,0,2,0,1.6742162741720676,0.189590573310852,Girona
Thomas Lemar,,M S,,20,,999,2,1,0,2,0,1.6924519538879397,1.2024975586682558,Girona
Viktor Tsygankov,,F M S,,24,,1958,5,4,0,2,0,5.129307776689529,3.155990178696811,Girona
Vitor Reis,,D S,,28,,2417,1,1,0,7,1,1.5221788845956326,0.8119628597050905,Girona
Vladyslav Krapyvtsov,,GK S,,2,,136,0,0,0,0,0,0.0,0.0,Girona
Vladyslav Vanat,,F,,27,,2003,9,1,3,4,0,9.496832385659218,2.104125237092376,Girona
Yáser Asprilla,,F M S,,15,,601,0,0,0,0,0,0.5583002185449004,1.7849864326417446,Girona
Álex Moreno,,D S,,24,,1950,0,3,0,4,0,1.5034617744386196,2.2245982475578785,Girona
Yangel Herrera,,M S,,10,,423,0,0,0,1,0,0.689001614227891,0.0,"Girona,Real Sociedad"
Adrián De la Fuente,,D S,,26,,2081,2,1,1,5,0,2.340493788011372,1.0226075602695346,Levante
Alan Matturro,,D S,,16,,820,1,0,0,0,1,0.9369660560041666,0.5809171544387937,Levante
Carlos Espí,,F S,,17,,627,7,0,0,2,0,4.559205152094364,0.0527638792991638,Levante
Carlos Álvarez,,M S,,26,,1820,3,1,0,3,0,2.535831674002111,4.416497340425849,Levante
Diego Pampín,,D S,,6,,357,0,0,0,2,0,0.1348268613219261,0.0878514070063829,Levante
Goduine Koyalipou,,F S,,11,,217,1,0,0,1,0,1.2652598228305578,0.358752429485321,Levante
Iker Losada,,M S,,18,,677,3,1,0,1,0,2.1271424889564514,0.4048053156584501,Levante
Iván Romero,,F M S,,26,,1935,5,1,0,3,0,7.570254284888506,2.747686740010977,Levante
Jeremy Toljan,,D,,29,,2547,1,3,0,7,0,0.848660696297884,4.113133816048503,Levante
Jon Ander Olasagasti,,M S,,25,,1028,1,2,0,2,1,1.2369403038173914,2.0684640435501933,Levante
Jorge Cabello,,D S,,5,,367,0,0,0,1,0,0.0,0.0,Levante
Kareem Tunde,,M S,,14,,886,0,1,0,3,0,0.4760639108717441,0.5738371722400188,Levante
Kervin Arriaga,,M S,,20,,1136,1,1,0,4,1,0.318329737521708,0.404125414788723,Levante
Manuel Sánchez,,D S,,26,,2293,1,1,0,8,0,1.1508396286517382,1.04822601005435,Levante
Mat Ryan,,GK,,28,,2520,0,0,0,2,0,0.0933680385351181,0.0,Levante
Matías Moreno,,D S,,20,,1545,0,0,0,6,0,1.0884073935449123,0.1965607143938541,Levante
Morales,,M S,,19,,281,1,1,1,1,0,2.406699176412076,1.0415049269795418,Levante
Nacho Pérez,,D S,,2,,79,0,0,0,0,0,0.0,0.0242412872612476,Levante
Oriol Rey,,M S,,18,,1187,0,0,0,3,0,0.2747505372390151,0.23389508202672,Levante
Pablo Cuñat,,GK,,2,,180,0,0,0,0,0,0.0,0.0,Levante
Pablo Martínez,,M S,,19,,1242,1,2,0,2,0,1.843395377509296,2.8337385011836886,Levante
Paco Cortés,,F M S,,11,,394,0,0,0,2,0,0.51489551179111,0.8811371438205242,Levante
Roger Brugué,,F M S,,15,,914,0,1,0,1,0,2.8458912689238787,0.6584169827401638,Levante
Sergio Lozano,,S,,1,,7,0,0,0,0,0,0.0,0.0,Levante
Tai Abed,,S,,4,,26,0,0,0,0,0,0.0,0.0,Levante
Ugo Raghouber,,M S,,9,,455,0,0,0,0,0,0.0199626199901103,0.076978662982583,Levante
Unai Elgezabal,,D M S,,12,,963,1,0,0,2,0,0.6192532349377871,0.1339095868170261,Levante
Unai Vencedor,,M S,,16,,837,0,0,0,3,1,0.0,1.509224282577634,Levante
Víctor García,,F M S,,16,,783,0,1,0,0,0,1.072456868365407,1.722928900271654,Levante
Etta Eyong,,F S,,26,,1603,6,4,0,2,0,9.068126692436635,2.7090571746230125,"Levante,Villarreal"
Abdón Prats,,S,,10,,61,0,0,0,0,0,0.5610876977443695,0.114988125860691,Mallorca
Antonio Sánchez,,D M S,,25,,936,0,0,0,2,1,0.5342528652399778,0.8361209705471992,Mallorca
Dani Rodríguez,,S,,2,,56,0,0,0,0,0,0.0234660059213638,0.0,Mallorca
David López,,D S,,7,,478,0,0,0,1,0,0.1626411080360412,0.0,Mallorca
Jan Salas,,S,,2,,6,0,0,0,0,0,0.0,0.0,Mallorca
Jan Virgili,,F M S,,23,,1495,0,4,0,0,1,1.8502737414091823,3.4738964876160026,Mallorca
Javi Llabrés,,M S,,14,,133,0,0,0,0,0,0.2208419982343912,0.0436721295118331,Mallorca
Johan Mojica,,D S,,29,,2211,0,3,0,5,0,0.4725393755361438,2.857579884119332,Mallorca
Justin-Noel Kalumba,,S,,2,,33,0,0,0,0,0,0.0,0.0,Mallorca
Leo Román,,GK,,25,,2250,0,0,0,4,0,0.0,0.0,Mallorca
Lucas Bergström,,GK,,5,,450,0,0,0,1,0,0.0,0.0,Mallorca
Manuel Morlanes,,M S,,24,,1213,2,0,0,2,1,1.3545322706922889,0.8054668698459864,Mallorca
Marash Kumbulla,,D S,,7,,419,0,0,0,1,0,0.0868991632014513,0.0225842390209436,Mallorca
Marc Domenech,,M S,,7,,198,0,1,0,0,0,0.1169546842575073,0.5047692880034447,Mallorca
Martin Valjent,,D,,30,,2700,0,0,0,5,0,0.8749992717057467,0.1219035629183054,Mallorca
Mateo Joseph,,F M S,,29,,1707,2,3,0,2,0,5.396834125742316,1.590326721780002,Mallorca
Mateu Morey,,D M S,,16,,645,1,0,0,2,0,0.1837131008505821,0.516222694888711,Mallorca
Omar Mascarell,,D M S,,23,,1668,1,2,0,4,0,0.2139719575643539,0.5577197968959808,Mallorca
Pablo Maffeo,,D S,,24,,2069,1,1,0,8,0,0.2216564649716019,0.8411855241283774,Mallorca
Pablo Torre,,M S,,27,,1041,3,2,0,3,0,1.3600184302777052,1.7840982116758823,Mallorca
Raíllo,,D,,23,,2035,0,1,0,4,0,0.6311804680153728,0.3643940649926662,Mallorca
Samú Costa,,M S,,27,,2141,5,0,0,9,0,2.3377073192968965,0.9610254997387528,Mallorca
Sergi Darder,,M S,,30,,2031,1,4,0,3,0,2.132048807106912,4.298588384874165,Mallorca
Takuma Asano,,F M S,,15,,487,1,0,0,2,0,1.2583700492978096,0.9267593622207642,Mallorca
Toni Lato,,D M S,,9,,488,0,1,0,3,0,0.0,0.4910133834928274,Mallorca
Vedat Muriqi,,F S,,29,,2430,19,1,5,3,1,16.741364104673266,1.3022852363064883,Mallorca
Zito,,F M S,,5,,213,0,1,0,1,0,0.1272005401551723,0.1304318141192197,Mallorca
Abel Bretones,,D M S,,23,,1416,1,0,0,5,1,0.5832634549587965,0.4400219097733497,Osasuna
Aimar Oroz,,F M S,,23,,1727,0,2,0,5,0,1.5846426449716091,3.108480243012309,Osasuna
Alejandro Catena,,D,,28,,2453,2,2,0,9,1,2.2585138333961368,1.0749874860048294,Osasuna
Ante Budimir,,F S,,29,,2321,15,0,5,1,0,13.370288083329797,0.8396249487996101,Osasuna
Asier Osambela,,D S,,13,,275,1,0,0,1,0,0.2776791490614414,0.585698839277029,Osasuna
Enzo Boyomo,,D S,,23,,1914,1,1,0,5,0,0.7986937370151281,1.3994310349225998,Osasuna
Iker Benito,,M S,,5,,147,1,0,0,1,0,0.3859800510108471,0.1449243836104869,Osasuna
Iker Muñoz,,M S,,14,,651,0,0,0,4,0,0.2308735763654112,0.2088790982961654,Osasuna
Iñigo Arguibide,,D S,,6,,187,0,0,0,0,1,0.0,0.0317141897976398,Osasuna
Jon Moncayola,,D M S,,28,,2385,0,4,0,8,0,2.069802885875106,4.117261495441198,Osasuna
Jorge Herrando,,D S,,25,,1389,0,1,0,2,0,0.1706695649772882,0.6935188174247742,Osasuna
Juan Cruz,,D S,,14,,604,0,0,0,0,0,0.5461479425430298,0.0736327618360519,Osasuna
Kike Barja,,M S,,20,,266,1,2,0,2,0,0.6249526012688875,0.298551894724369,Osasuna
Lucas Torró,,M S,,27,,1968,0,1,0,6,0,1.657860640436411,1.0609775753691792,Osasuna
Moi Gómez,,M S,,20,,983,0,1,0,2,0,0.4181990008801222,1.0649008639156818,Osasuna
Raul García,,F S,,28,,719,5,0,0,1,1,5.567171934992075,0.4014175999909639,Osasuna
Raul Moro,,M S,,7,,350,0,2,0,0,0,0.1619226746261119,1.3092872090637684,Osasuna
Rubén García,,F M S,,27,,1737,2,5,0,5,0,1.5612815208733082,4.853864030912519,Osasuna
Sergio Herrera,,GK,,30,,2700,0,0,0,3,0,0.0,0.0,Osasuna
Sheraldo Becker,,S,,9,,124,0,0,0,0,0,0.1651192680001258,0.2503879070281982,Osasuna
Valentin Rosier,,D S,,23,,1853,1,1,0,4,1,0.777098105289042,1.2936693709343672,Osasuna
Víctor Muñoz,,F M S,,30,,2345,5,2,0,3,0,6.418245373293757,2.028915739618242,Osasuna
Alemão,,F S,,18,,779,1,0,0,1,0,2.098992560058832,0.2788317408412695,Rayo Vallecano
Alfonso Espino,,D M S,,23,,1039,2,0,0,2,0,1.87794469576329,1.467127053067088,Rayo Vallecano
Andrei Ratiu,,D M S,,27,,2309,0,3,0,6,0,2.0312205608934164,5.140264896675944,Rayo Vallecano
Augusto Batalla,,GK,,30,,2700,0,0,0,4,0,0.0,0.0504690390080213,Rayo Vallecano
Carlos Martín,,F M S,,7,,331,0,0,0,1,0,0.8444243520498276,0.5321508049964905,Rayo Vallecano
Florian Lejeune,,D,,30,,2693,0,1,0,4,0,1.6307230284437535,0.9237295584753156,Rayo Vallecano
Fran Pérez,,F M S,,25,,1087,2,1,0,4,0,1.9216631539165971,1.6743681291118264,Rayo Vallecano
Gerard Gumbau,,M S,,21,,753,0,1,0,4,0,0.3610206330195069,1.0831696223467588,Rayo Vallecano
Isi Palazón,,F M S,,29,,2131,3,3,2,9,0,4.187001167796552,3.912149026989937,Rayo Vallecano
Iván Balliu,,D S,,11,,316,0,0,0,3,0,0.61431117169559,0.0703225955367088,Rayo Vallecano
Jorge De Frutos,,F M S,,28,,2076,10,1,1,3,0,9.947091056033967,2.6019207183271646,Rayo Vallecano
Jozhua Vertrouwd,,D S,,7,,259,0,0,0,0,0,0.0846294984221458,0.077861838042736,Rayo Vallecano
Luiz Felipe,,D S,,10,,473,0,0,0,1,0,0.2370056584477424,0.0198127329349517,Rayo Vallecano
Nobel Mendy,,D S,,18,,1444,2,0,0,4,2,2.1846237517893314,0.0392255298793315,Rayo Vallecano
Pathé Ciss,,D M S,,21,,1432,2,0,0,5,2,3.047410293482244,0.2659869743511081,Rayo Vallecano
Pedro Díaz,,F M S,,27,,1413,0,0,0,1,0,1.408606102690101,0.9808621993288398,Rayo Vallecano
Pelayo Fernández,,S,,1,,37,0,0,0,0,0,0.0570813156664371,0.0,Rayo Vallecano
Pep Chavarría,,D S,,26,,2192,1,2,0,4,1,0.6223703222349286,3.256988599896431,Rayo Vallecano
Randy Nteka,,S,,9,,90,1,0,0,0,0,0.5928457695990801,0.0221588034182786,Rayo Vallecano
Samu Becerra,,S,,3,,9,0,0,0,0,0,0.0,0.0846294984221458,Rayo Vallecano
Sergio Camello,,F S,,15,,454,0,0,0,1,1,1.368752581998706,0.5435056034475565,Rayo Vallecano
Unai López,,M S,,22,,1330,0,3,0,5,1,0.9345673536881804,1.5791160622611642,Rayo Vallecano
Álvaro García,,F M S,,30,,1993,4,5,0,3,0,6.8708263747394085,6.177040348760784,Rayo Vallecano
Óscar Trejo,,S,,6,,63,0,0,0,1,0,0.1115266382694244,0.1523229591548442,Rayo Vallecano
Óscar Valentín,,M S,,26,,1705,1,0,0,3,1,1.4860157845541837,0.7524769296869636,Rayo Vallecano
Ilias Akhomach,,M S,,17,,687,0,0,0,2,0,2.357596643269062,1.0507037173956633,"Rayo Vallecano,Villarreal"
Abdessamad Ezzalzouli,,F M S,,21,,1573,5,5,0,3,0,7.518654249608517,4.762765573337674,Real Betis
Aitor Ruibal,,D F M S,,24,,1603,4,2,0,4,0,4.404123860411346,1.795642390847206,Real Betis
Antony,,F M S,,25,,1962,7,5,0,4,1,7.080874366685748,5.417783286422491,Real Betis
Cédric Bakambu,,F S,,15,,405,3,0,0,0,0,4.317924939095974,0.5586347421631217,Real Betis
Dani Pérez,,S,,1,,1,0,0,0,0,0,0.0,0.0,Real Betis
Diego Llorente,,D S,,12,,712,1,0,0,3,0,0.8751480057835579,0.0,Real Betis
Ezequiel Ávila,,F S,,13,,337,1,0,1,2,0,1.645847663283348,0.3859700718894601,Real Betis
Giovani Lo Celso,,M S,,17,,1098,2,2,0,3,0,2.733913687989116,2.545758880674839,Real Betis
Héctor Bellerín,,D S,,19,,1289,1,2,0,1,0,0.3945247530937195,3.532344777137041,Real Betis
Isco,,S,,1,,29,0,1,0,0,0,0.1044719666242599,0.4573355913162231,Real Betis
Iván Corralejo,,S,,1,,11,0,0,0,0,0,0.0,0.0,Real Betis
Juan Camilo Hernández,,F S,,25,,2102,8,3,1,3,0,9.255399510264397,4.052454952150583,Real Betis
Júnior Firpo,,D S,,10,,685,0,1,0,2,0,0.4448377713561058,0.957407258450985,Real Betis
Marc Bartra,,D S,,23,,1852,1,0,0,3,0,0.6868308614939451,0.1219159569591283,Real Betis
Marc Roca,,M S,,23,,1679,0,2,0,1,0,0.7914713262580335,1.9202126394957304,Real Betis
Natan,,D,,26,,2267,0,0,0,7,0,0.3566119400784373,0.1875674026086926,Real Betis
Nelson Deossa,,M S,,16,,597,0,0,0,3,0,0.4419036190956831,0.5050768200308084,Real Betis
Pablo Fornals,,M S,,30,,2374,7,4,0,2,0,4.394779876805842,6.552981210872531,Real Betis
Pablo García,,M S,,15,,346,0,0,0,1,0,1.411434426903725,0.0550342518836259,Real Betis
Pau López,,GK,,9,,810,0,0,0,1,0,0.0,0.0,Real Betis
Ricardo Rodríguez,,D S,,18,,1210,0,1,0,0,0,0.1240109074860811,0.4445841759443283,Real Betis
Rodrigo Riquelme,,M S,,19,,641,0,1,0,1,0,2.085785521194339,1.466417740099132,Real Betis
Sergi Altimira,,M S,,21,,1026,1,1,0,2,0,0.4606004618108272,0.5250933840870857,Real Betis
Sofyan Amrabat,,M S,,10,,773,0,0,0,3,0,0.1289149783551693,0.2102371528744697,Real Betis
Valentín Gómez,,D S,,22,,1396,1,0,0,5,0,0.9382054191082716,0.873173339292407,Real Betis
Álvaro Fidalgo,,M,,6,,464,1,0,0,0,0,0.5112983882427216,0.1452571079134941,Real Betis
Álvaro Vallés,,GK,,21,,1890,0,0,0,1,0,0.0,0.0,Real Betis
Ángel Ortiz,,D S,,13,,584,0,0,0,1,0,0.0273902136832475,0.8803559150546789,Real Betis
Andriy Lunin,,GK,,2,,180,0,0,0,0,0,0.0,0.0,Real Madrid
Antonio Rüdiger,,D S,,13,,1097,1,0,0,0,0,1.3844878720119596,0.3116191700100899,Real Madrid
Arda Güler,,F M S,,30,,1974,4,8,0,1,0,4.7566983085125685,8.704372463747859,Real Madrid
Aurelien Tchouameni,,M S,,27,,2265,1,0,0,7,0,2.596643511205912,2.21974641084671,Real Madrid
Brahim Diaz,,F M S,,22,,740,0,4,0,1,0,0.8296769224107265,2.080521035939455,Real Madrid
César Palacios,,S,,2,,43,0,0,0,0,0,0.0884153470396995,0.0289352163672447,Real Madrid
Dani Ceballos,,M S,,15,,438,0,0,0,1,0,0.0812624134123325,0.589991744607687,Real Madrid
Daniel Carvajal,,D S,,12,,651,0,0,0,0,0,0.2461261572316289,1.2657837346196177,Real Madrid
Daniel Yáñez,,S,,1,,27,0,1,0,0,0,0.0,0.3712937831878662,Real Madrid
David Alaba,,D S,,8,,244,0,0,0,1,0,0.1817060969769954,0.0,Real Madrid
David Jiménez,,D S,,2,,78,0,0,0,0,0,0.090881623327732,0.0,Real Madrid
Dean Huijsen,,D S,,22,,1656,2,2,0,6,1,2.2335619535297155,1.1454473715275526,Real Madrid
Diego Aguado,,S,,1,,24,0,0,0,0,0,0.0,0.0,Real Madrid
Eder Militão,,D S,,14,,1036,2,1,0,2,0,1.6544556869193912,1.0907561480998993,Real Madrid
Eduardo Camavinga,,D M S,,22,,1210,1,0,0,1,0,1.0450459476560354,1.5264321509748695,Real Madrid
Endrick,,S,,1,,5,0,0,0,0,0,0.0,0.0,Real Madrid
Federico Valverde,,D F M S,,28,,2315,4,7,0,2,1,1.85920100659132,4.4698388539254665,Real Madrid
Ferland Mendy,,D S,,2,,91,0,0,0,0,0,0.0,0.0,Real Madrid
Fran García,,D M S,,9,,593,1,1,0,0,1,0.8834025710821152,0.1513241566717624,Real Madrid
Franco Mastantuono,,D F M S,,17,,784,1,0,0,5,1,2.1521575413644314,2.442584613338113,Real Madrid
Gonzalo García,,F S,,23,,641,4,0,0,1,0,4.135629843920469,0.9051337353885174,Real Madrid
Jorge Cestero,,S,,2,,8,0,0,0,0,0,0.0,0.0,Real Madrid
Jude Bellingham,,M S,,20,,1343,4,3,0,1,0,6.213099502027035,2.574399307370186,Real Madrid
Kylian Mbappe-Lottin,,F S,,25,,2156,23,4,8,3,0,22.48912777379155,6.597740065306425,Real Madrid
Manuel Ángel,,M S,,3,,83,0,0,0,0,0,0.0614622384309768,0.0,Real Madrid
Raúl,,D S,,19,,1332,2,0,0,3,0,1.406356928870082,0.2085437588393688,Real Madrid
Rodrygo,,F M S,,19,,633,1,3,0,2,0,2.848481699824333,2.88282679207623,Real Madrid
Thiago Pitarch,,M S,,5,,302,0,0,0,1,0,0.1911620050668716,0.2106472104787826,Real Madrid
Thibaut Courtois,,GK,,28,,2520,0,0,0,1,0,0.0,0.0,Real Madrid
Trent Alexander-Arnold,,D M S,,15,,760,0,4,0,1,0,0.2227365858852863,1.6386167593300345,Real Madrid
Valde,,D,,1,,81,0,0,0,0,0,0.0,0.018097510561347,Real Madrid
Vinícius Júnior,,F M S,,29,,2250,11,5,4,6,0,12.292087193578482,5.269209910184145,Real Madrid
Álvaro Fernández,,D S,,25,,2064,2,2,0,5,1,0.4011697340756655,1.5059544071555138,Real Madrid
Aarón,,GK,,30,,2700,0,0,0,2,0,0.0,0.0463917031884193,Real Oviedo
Alberto Reina,,F M S,,29,,1843,3,1,0,4,1,2.6572005059570074,2.188484403304756,Real Oviedo
Borja Sánchez,,S,,1,,9,0,0,0,0,0,0.0,0.0,Real Oviedo
Dani Calvo,,D S,,14,,1058,0,0,0,2,0,0.1119935289025306,0.4596666097640991,Real Oviedo
David Carmo,,D S,,21,,1718,1,0,0,6,1,0.9620246645063162,0.5050461739301682,Real Oviedo
David Costas,,D S,,19,,1621,1,0,0,2,0,0.8625734746456146,0.1541126631200313,Real Oviedo
Eric Bailly,,D,,10,,866,1,0,0,3,0,0.1909588724374771,0.0223890487104654,Real Oviedo
Federico Viñas,,F M S,,26,,1876,7,1,2,3,3,7.796225469559431,2.2246512845158577,Real Oviedo
Haissem Hassan,,F M S,,29,,1607,0,3,0,1,0,1.8692189007997515,1.6195851303637028,Real Oviedo
Ilyas Chaira,,F M S,,28,,1883,4,1,0,2,1,5.4906568471342325,1.598657631315291,Real Oviedo
Javier López,,D S,,18,,1285,0,1,0,3,0,0.1525319386273622,0.8757125055417418,Real Oviedo
Josip Brekalo,,F M S,,14,,482,0,0,0,1,0,0.3088910253718495,1.6458159163594246,Real Oviedo
Kwasi Sibo,,M S,,21,,1388,0,0,0,3,0,0.2818251037970185,0.0500031504780054,Real Oviedo
Leander Dendoncker,,M S,,19,,1338,1,0,0,2,0,0.538357574492693,0.4306179387494921,Real Oviedo
Lucas Ahijado,,D S,,15,,973,0,1,0,2,0,1.077176619321108,1.3409880846738815,Real Oviedo
Luka Ilic,,F M S,,18,,707,1,0,0,2,1,1.7625892590731382,0.419754147529602,Real Oviedo
Marco Esteban,,S,,1,,40,0,0,0,0,0,0.0,0.0,Real Oviedo
Nacho Vidal,,D S,,21,,1686,0,0,0,4,0,1.440466608852148,0.236898798495531,Real Oviedo
Nicolás Fonseca,,M S,,13,,597,0,0,0,4,0,0.1072266055271029,0.0806901380419731,Real Oviedo
Oier Luengo,,D,,3,,228,0,1,0,0,0,0.070125862956047,0.098943255841732,Real Oviedo
Omar Falah,,S,,1,,9,0,0,0,0,0,0.0,0.0,Real Oviedo
Ovie Ejaria,,M S,,7,,181,0,0,0,1,0,0.2249453254044056,0.0751299932599067,Real Oviedo
Pablo Agudín,,S,,5,,47,0,0,0,0,0,0.0426228204742074,0.0,Real Oviedo
Rahim Alhassane,,D S,,21,,1423,0,0,0,1,0,0.0499004358425736,1.3877692874521017,Real Oviedo
Salomón Rondón,,F S,,16,,1054,2,0,0,2,0,3.783308571204543,0.1934819892048835,Real Oviedo
Santiago Cazorla,,M S,,21,,579,0,1,0,1,1,0.3128305342979729,1.5638871807605028,Real Oviedo
Santiago Colombatto,,M S,,25,,1660,0,1,0,6,0,0.5880112154409289,1.957531439140439,Real Oviedo
Thiago Borbas,,S,,6,,65,0,0,0,1,0,0.5530440509319305,0.0,Real Oviedo
Thiago Fernández,,M S,,9,,406,0,3,0,2,0,0.5550696179270744,2.0465063117444515,Real Oviedo
Álex Forés,,F S,,15,,269,0,1,0,0,0,0.7922417521476746,0.0199069753289222,Real Oviedo
Aihen Muñoz,,D S,,16,,663,0,0,0,1,0,0.4396745823323726,0.3257849067449569,Real Sociedad
Ander Barrenetxea,,F M S,,24,,1446,3,3,0,3,0,2.3351306868717074,5.869165064767003,Real Sociedad
Aritz Elustondo,,D S,,11,,405,0,0,0,0,0,0.4674798175692558,0.0,Real Sociedad
Arkaitz Mariezkurrena,,S,,1,,1,0,0,0,0,0,0.0,0.0,Real Sociedad
Arsen Zakharyan,,M S,,16,,362,0,0,0,1,0,1.1044645830988884,0.9222379773855208,Real Sociedad
Beñat Turrientes,,M S,,20,,938,0,3,0,5,0,0.7130487076938152,0.9958379790186882,Real Sociedad
Brais Méndez,,F M S,,26,,1527,6,2,1,4,1,4.914968415163457,2.945758767426014,Real Sociedad
Carlos Soler,,M S,,25,,1722,4,3,0,2,1,2.52404819522053,3.832326930947602,Real Sociedad
Daniel Díaz,,S,,1,,13,0,0,0,0,0,0.0,0.0,Real Sociedad
Duje Caleta-Car,,D S,,21,,1600,1,0,0,4,1,1.6121487095952034,0.1966800149530172,Real Sociedad
Gonçalo Guedes,,F M S,,30,,1787,8,4,0,2,0,4.025716664269567,2.665413634851575,Real Sociedad
Gorka Carrera,,S,,1,,8,0,0,0,0,0,0.0,0.0,Real Sociedad
Ibai Aguirre,,S,,1,,4,0,0,0,0,0,0.0,0.0,Real Sociedad
Igor Zubeldia,,D S,,22,,1899,0,1,0,8,0,0.3188817761838436,0.6090575475245714,Real Sociedad
Job Ochieng,,S,,1,,21,0,0,0,0,0,0.0,0.1534191071987152,Real Sociedad
Jon Aramburu,,D S,,28,,2314,1,0,0,9,0,1.8792706206440928,0.3914050441235304,Real Sociedad
Jon Gorrotxategi,,M S,,25,,1927,1,3,0,7,0,0.7921612514182925,0.870845009572804,Real Sociedad
Jon Karrikaburu,,S,,6,,106,0,0,0,0,0,0.6936077550053596,0.0238551869988441,Real Sociedad
Jon Martín,,D,,19,,1710,1,0,0,5,0,2.377925685606897,0.1884760037064552,Real Sociedad
Lander Astiazarán,,S,,1,,1,0,0,0,0,0,0.0211206022650003,0.0,Real Sociedad
Luka Sucic,,F M S,,15,,636,2,1,0,1,0,1.2224813122302294,0.2508108150213957,Real Sociedad
Mikel Goti,,M S,,4,,64,0,0,0,0,0,0.7785072475671768,0.0,Real Sociedad
Mikel Oyarzabal,,F S,,27,,2300,12,3,5,2,0,13.854746099561453,5.392946569249034,Real Sociedad
Orri Óskarsson,,F S,,13,,289,4,0,0,2,0,3.0511378906667237,0.3993293642997741,Real Sociedad
Pablo Marín,,M S,,26,,1125,0,1,0,1,0,1.223766099661589,1.0750064589083197,Real Sociedad
Remiro,,GK,,30,,2700,0,0,0,0,0,0.0,0.112358346581459,Real Sociedad
Sergio Gómez,,D M S,,28,,2163,0,2,0,2,0,0.7257826225832105,5.112605909816921,Real Sociedad
Takefusa Kubo,,F M S,,18,,1203,2,3,0,0,0,2.50237294472754,3.2718304209411144,Real Sociedad
Wesley,,M S,,3,,62,0,0,0,0,0,0.0,0.0,Real Sociedad
Álvaro Odriozola,,D S,,5,,196,1,0,0,0,0,0.5725881457328796,1.1418001726269722,Real Sociedad
Umar Sadiq,,F S,,17,,652,1,2,0,3,0,2.0639033503830437,1.6076621916145086,"Real Sociedad,Valencia"
Adnan Januzaj,,F M S,,12,,283,0,0,0,1,0,0.2582807317376137,0.6689504720270634,Sevilla
Akor Adams,,F S,,25,,1651,7,3,2,1,0,8.943758829496801,0.8678716141730547,Sevilla
Alexis Sánchez,,F M S,,21,,1062,3,1,1,1,0,2.633772913366556,1.4784129671752453,Sevilla
Andrés Castrín,,D S,,12,,710,0,0,0,3,0,0.3920416310429573,0.0332721732556819,Sevilla
Batista Mendy,,M S,,24,,1608,1,0,0,6,0,0.8640541210770607,0.4901229040697217,Sevilla
Chidera Ejuke,,F M S,,22,,639,1,1,0,0,0,1.3553247852250934,0.8655051756650209,Sevilla
César Azpilicueta,,D,,15,,1053,0,1,0,4,0,0.0123422164469957,0.5297197308391333,Sevilla
Djibril Sow,,M S,,26,,1832,5,1,0,3,0,1.4747036397457125,1.3527734205126762,Sevilla
Dodi Lukebakio,,M,,2,,180,1,0,0,0,0,0.0546624809503555,0.8578585088253021,Sevilla
Federico Gattoni,,S,,1,,5,0,0,0,0,0,0.0,0.0,Sevilla
Fábio Cardoso,,D,,4,,309,0,0,0,0,0,0.0,0.0,Sevilla
Gabriel Suazo,,D S,,22,,1588,0,2,0,6,0,0.2580093722790479,2.2717115599662066,Sevilla
Isaac Romero,,F S,,22,,1088,4,0,0,5,1,5.025856643915176,0.9144617542624474,Sevilla
Joan Jordán,,S,,3,,15,0,0,0,1,0,0.0,0.0,Sevilla
José Ángel Carmona,,D M S,,28,,2044,1,3,0,10,0,0.7871437855064869,1.531856414861977,Sevilla
Juanlu Sanchez,,D M S,,25,,1769,0,3,0,2,1,0.643406193703413,1.7165054753422735,Sevilla
Kike Salas,,D S,,18,,1479,1,0,0,1,0,0.5822444036602974,0.2502306345850229,Sevilla
Lucien Agoume,,F M S,,26,,2093,1,2,0,9,0,0.7561919670552015,2.402127394452691,Sevilla
Manu Bueno,,S,,6,,109,0,0,0,1,0,0.0956592112779617,0.200551226735115,Sevilla
Marcão,,D S,,13,,935,1,0,0,3,1,0.9158304017037152,0.0,Sevilla
Miguel Sierra,,S,,4,,50,0,0,0,0,0,0.1966240983456373,0.0,Sevilla
Neal Maupay,,F S,,6,,463,1,0,0,1,0,0.6476594656705856,0.1000702604651451,Sevilla
Nemanja Gudelj,,D M S,,26,,1946,1,0,0,7,0,0.822483949828893,0.2368144504725933,Sevilla
Nianzou Kouassi,,D S,,12,,670,0,0,0,5,1,0.5957351680845022,0.1417838707566261,Sevilla
Odisseas Vlachodimos,,GK,,26,,2340,0,0,0,1,0,0.0,0.0,Sevilla
Oso,,D M S,,13,,858,1,3,0,0,0,1.011479901149869,1.92552699893713,Sevilla
Peque,,F M S,,21,,856,2,1,0,6,0,0.7329471576958895,0.6110825892537832,Sevilla
Ramón Martínez,,S,,2,,99,0,0,0,0,0,0.0,0.0,Sevilla
Ruben Vargas,,F M S,,16,,1113,3,4,1,1,0,2.474936220794916,2.217301405966282,Sevilla
Stanis Idumbo Muzambo,,M,,1,,48,0,0,0,0,0,0.0494507662951946,0.2678038775920868,Sevilla
Ørjan Nyland,,GK,,4,,360,0,0,0,1,0,0.0,0.0,Sevilla
Alfon,,D M S,,15,,358,1,0,0,0,0,0.9859504122287036,0.365869490429759,"Sevilla,Villarreal"
André Almeida,,F M S,,19,,1002,0,1,0,0,0,0.874655444175005,2.119982209056616,Valencia
Arnaut Danjuma Groeneveld,,F M S,,27,,1558,3,2,0,0,0,5.174550708383322,3.26465561427176,Valencia
Baptiste Santamaria,,M S,,19,,731,1,1,0,2,0,0.516353402286768,0.7424618415534496,Valencia
Copete,,D S,,21,,1767,0,0,0,5,0,1.944704715162516,0.1642674310132861,Valencia
César Tárrega,,D S,,24,,1868,0,0,0,5,0,0.2831924427300691,0.09015997312963,Valencia
Diego López,,F M S,,26,,1340,3,0,0,2,0,2.7840157272294164,1.352105898782611,Valencia
Dimitri Foulquier,,D S,,15,,1149,0,0,0,1,0,0.4250113200396299,0.2367486469447612,Valencia
Eray Cömert,,D S,,13,,1011,2,0,0,2,0,1.4266780987381935,0.1852229386568069,Valencia
Filip Ugrinic,,F M S,,19,,1070,0,3,0,3,0,0.4034112300723791,2.1926640989258885,Valencia
Guido Rodríguez,,M S,,8,,590,2,0,0,1,0,0.4023678954690695,0.1196496002376079,Valencia
Hugo Duro,,F S,,29,,1605,9,0,1,4,1,7.09738864004612,1.60314504429698,Valencia
Javier Guerra,,M S,,29,,1570,1,3,0,3,0,1.7627443503588438,2.0444932617247105,Valencia
Jesús Vázquez,,D S,,17,,704,0,0,0,2,0,0.2740920297801494,0.3937843590974808,Valencia
José Gayá,,D S,,26,,2006,1,1,0,6,1,0.6955872941762209,1.6286064311861992,Valencia
Julen Agirrezabala,,GK,,18,,1620,0,0,0,1,0,0.0,0.0134038729593157,Valencia
Largie Ramazani,,F M S,,19,,770,5,1,3,4,0,4.668855838477612,1.5589784448966384,Valencia
Lucas Beltrán,,F S,,24,,1167,1,2,0,1,0,3.7153299804776903,1.8854527920484545,Valencia
Luis Rioja,,D F M S,,29,,2088,2,5,0,1,0,1.9251639023423197,2.9173016138374805,Valencia
Mouctar Diakhaby,,D S,,8,,539,1,0,0,3,0,0.632166750729084,0.0550495460629463,Valencia
Pepelu,,M S,,23,,1731,2,0,1,3,0,3.219678146764636,1.2045606933534143,Valencia
Raba,,F S,,12,,240,0,1,0,0,0,0.1994561273604631,0.3187341094017029,Valencia
Rubén Iranzo,,S,,1,,1,0,0,0,0,0,0.0,0.0,Valencia
Stole Dimitrievski,,GK,,12,,1080,0,0,0,0,0,0.0,0.0,Valencia
Thierry Correia,,D S,,20,,1269,0,1,0,5,0,0.2800837680697441,1.2355594653636215,Valencia
Unai Núñez,,D,,8,,669,0,0,0,2,0,0.1856177328154444,0.0661682859063148,Valencia
Adrià Alti,,S,,1,,7,0,0,0,0,0,0.0,0.0,Villarreal
Alberto Moleiro,,F M S,,29,,2016,9,4,0,3,0,5.2085331454873085,4.693152310326695,Villarreal
Alexander Freeman,,S,,5,,50,0,0,0,0,0,0.0165326949208974,0.0153919970616698,Villarreal
Alfonso,,D M S,,23,,1381,1,2,0,7,0,1.1962180444970727,3.964443452656269,Villarreal
Arnau Tenas,,GK,,3,,270,0,0,0,0,0,0.0,0.0,Villarreal
Ayoze Pérez,,F S,,18,,836,2,3,0,3,0,3.328026592731476,1.6663309633731842,Villarreal
Carlos Macià,,S,,4,,64,0,0,0,1,0,0.0231574438512325,0.0,Villarreal
Daniel Parejo,,M S,,24,,1048,0,0,0,2,0,0.1502215936779976,1.6071249833330512,Villarreal
Georges Mikautadze,,F S,,25,,1721,9,5,0,1,0,12.101384134963157,3.652227098122239,Villarreal
Gerard Moreno,,F S,,16,,972,8,0,2,0,0,5.531418967992067,2.707541406154633,Villarreal
Hugo Lopez,,M S,,2,,57,0,0,0,0,0,0.0,0.0,Villarreal
Juan Foyth,,D S,,13,,946,0,0,0,2,0,0.0737326610833406,0.0,Villarreal
Luiz Júnior,,GK,,27,,2430,0,0,0,3,0,0.0,0.0,Villarreal
Manor Solomon,,M S,,6,,129,1,1,0,0,0,0.608427070081234,0.471932552754879,Villarreal
Nicolas Pepe,,F M S,,29,,1956,5,4,0,3,0,7.339526172727346,5.517278851941228,Villarreal
Pape Alassane Gueye,,M S,,24,,1712,4,2,1,7,0,3.917699968442321,2.0485750706866384,Villarreal
Pau Navarro,,D,,18,,1537,0,0,0,3,0,0.0226786062121391,0.4357209205627441,Villarreal
Rafa Marín,,D S,,18,,1578,1,0,0,1,0,0.1980429971590638,0.6769408583641052,Villarreal
Renato Veiga,,D S,,26,,1923,0,0,0,3,1,0.1798072038218379,0.0500294882804155,Villarreal
Santiago Comesaña,,M S,,28,,1996,3,5,0,4,1,4.6401277333498,2.857183262705803,Villarreal
Santiago Mouriño,,D S,,23,,1957,1,2,0,8,1,1.1589391976594925,0.7844699025154114,Villarreal
Sergi Cardona,,D S,,24,,1537,0,3,0,4,0,0.6729642245918512,2.4115445353090763,Villarreal
Tajon Buchanan,,F M S,,28,,1531,6,1,0,7,0,2.4448173185810447,2.5965847074985504,Villarreal
Tani Oluwaseyi,,F S,,23,,602,2,1,0,1,0,3.547338616102934,1.7641931250691414,Villarreal
Thomas Partey,,M S,,19,,726,0,0,0,0,0,0.3256993256509304,0.1881933361291885,Villarreal
Yeremi Pino,,M,,2,,165,0,1,0,0,0,0.1250712722539901,0.8602673262357712,Villarreal
